{
  "Total" : {
    "transaction" : "Total",
    "sampleCount" : 1332,
    "errorCount" : 3,
    "errorPct" : 0.22522523,
    "meanResTime" : 216.78228228228252,
    "medianResTime" : 207.0,
    "minResTime" : 43.0,
    "maxResTime" : 1392.0,
    "pct1ResTime" : 224.0,
    "pct2ResTime" : 233.3499999999999,
    "pct3ResTime" : 800.0,
    "throughput" : 18.579997210210628,
    "receivedKBytesPerSec" : 5.884262427639839,
    "sentKBytesPerSec" : 6.209556227332961
  },
  "HTTP Request" : {
    "transaction" : "HTTP Request",
    "sampleCount" : 1332,
    "errorCount" : 3,
    "errorPct" : 0.22522523,
    "meanResTime" : 216.78228228228252,
    "medianResTime" : 207.0,
    "minResTime" : 43.0,
    "maxResTime" : 1392.0,
    "pct1ResTime" : 224.0,
    "pct2ResTime" : 233.3499999999999,
    "pct3ResTime" : 800.0,
    "throughput" : 18.579997210210628,
    "receivedKBytesPerSec" : 5.884262427639839,
    "sentKBytesPerSec" : 6.209556227332961
  }
}