{
  "HTTP Request-1" : {
    "transaction" : "HTTP Request-1",
    "sampleCount" : 2,
    "errorCount" : 0,
    "errorPct" : 0.0,
    "meanResTime" : 802.0,
    "medianResTime" : 802.0,
    "minResTime" : 704.0,
    "maxResTime" : 900.0,
    "pct1ResTime" : 900.0,
    "pct2ResTime" : 900.0,
    "pct3ResTime" : 900.0,
    "throughput" : 2.2222222222222223,
    "receivedKBytesPerSec" : 32.88953993055556,
    "sentKBytesPerSec" : 0.25390625
  },
  "Total" : {
    "transaction" : "Total",
    "sampleCount" : 8,
    "errorCount" : 2,
    "errorPct" : 25.0,
    "meanResTime" : 10522.375,
    "medianResTime" : 10163.0,
    "minResTime" : 704.0,
    "maxResTime" : 21082.0,
    "pct1ResTime" : 21082.0,
    "pct2ResTime" : 21082.0,
    "pct3ResTime" : 21082.0,
    "throughput" : 0.24493294960504564,
    "receivedKBytesPerSec" : 2.0726015706325396,
    "sentKBytesPerSec" : 0.027507118363847897
  },
  "HTTP Request-0" : {
    "transaction" : "HTTP Request-0",
    "sampleCount" : 2,
    "errorCount" : 0,
    "errorPct" : 0.0,
    "meanResTime" : 9712.0,
    "medianResTime" : 9712.0,
    "minResTime" : 9374.0,
    "maxResTime" : 10050.0,
    "pct1ResTime" : 10050.0,
    "pct2ResTime" : 10050.0,
    "pct3ResTime" : 10050.0,
    "throughput" : 0.1990049751243781,
    "receivedKBytesPerSec" : 0.13662157960199003,
    "sentKBytesPerSec" : 0.021960509950248754
  },
  "HTTP Request" : {
    "transaction" : "HTTP Request",
    "sampleCount" : 4,
    "errorCount" : 2,
    "errorPct" : 50.0,
    "meanResTime" : 15787.75,
    "medianResTime" : 15896.5,
    "minResTime" : 10276.0,
    "maxResTime" : 21082.0,
    "pct1ResTime" : 21082.0,
    "pct2ResTime" : 21082.0,
    "pct3ResTime" : 21082.0,
    "throughput" : 0.12246647480252282,
    "receivedKBytesPerSec" : 1.124293665038883,
    "sentKBytesPerSec" : 0.013753559181923948
  }
}